-- ====================================================
-- DATOS INICIALES - App Pasteleria Mami
-- Generado automaticamente desde los excels
-- ====================================================

-- 1. CORREGIR ROL DE JHON (de admin a partner)
UPDATE public.profiles SET role = 'partner' WHERE id = '18f2014a-92ab-4ddd-9a36-5ba83c7d1ea1';

-- 2. INGREDIENTES
INSERT INTO ingredients (id, name, provider, quantity_sold, unit, price, unit_price) VALUES ('f61fb182-8c7f-4a26-a806-462cd77c5883', 'Monkfruit', 'Dispropan', 1000.0, 'gr', 72000.0, 72.0);
INSERT INTO ingredients (id, name, provider, quantity_sold, unit, price, unit_price) VALUES ('a01d2f25-d2d1-4345-8395-4b6805afea2c', 'Huevo', 'La 79', 1.0, 'unidad', 700.0, 700.0);
INSERT INTO ingredients (id, name, provider, quantity_sold, unit, price, unit_price) VALUES ('3fc6a225-2ac2-457d-a11c-d3c41992841d', 'Coco rallado', 'Dispropan', 250.0, 'gr', 8750.0, 35.0);
INSERT INTO ingredients (id, name, provider, quantity_sold, unit, price, unit_price) VALUES ('254f672d-ebb0-43c9-92ec-0c18735c4b08', 'Leche de coco', 'Dispropan', 400.0, 'ml', 7500.0, 18.75);
INSERT INTO ingredients (id, name, provider, quantity_sold, unit, price, unit_price) VALUES ('2830136b-d98f-4fd7-8b23-42e94af42f59', 'Harina de arroz', 'Dispropan', 500.0, 'gr', 3500.0, 7.0);
INSERT INTO ingredients (id, name, provider, quantity_sold, unit, price, unit_price) VALUES ('716a2fe7-fd00-42db-b15b-baa7b19e164f', 'Harina de almendras', 'Dispropan', 500.0, 'gr', 29500.0, 59.0);
INSERT INTO ingredients (id, name, provider, quantity_sold, unit, price, unit_price) VALUES ('1f47b699-3090-46a7-b6be-b55e22964ead', 'Aceite', 'Ara', 900.0, 'ml', 7000.0, 7.777778);
INSERT INTO ingredients (id, name, provider, quantity_sold, unit, price, unit_price) VALUES ('a830bb17-66e2-4f7e-99e3-17e501887d61', 'Polvo de hornear', 'Dispropan', 250.0, 'gr', 2500.0, 10.0);
INSERT INTO ingredients (id, name, provider, quantity_sold, unit, price, unit_price) VALUES ('b73814f6-5970-4952-ad1a-86e4512e4bcd', 'Bicarbonato', 'Dispropan', 250.0, 'gr', 1500.0, 6.0);
INSERT INTO ingredients (id, name, provider, quantity_sold, unit, price, unit_price) VALUES ('78076f28-9835-49d8-9dfe-b877cb7700b5', 'Vainilla', '9cito', 500.0, 'ml', 4000.0, 8.0);
INSERT INTO ingredients (id, name, provider, quantity_sold, unit, price, unit_price) VALUES ('943d31d8-8618-419c-bf0f-6ef8193216d6', 'Propionato de calcio', '9cito', 1000.0, 'gr', 24500.0, 24.5);
INSERT INTO ingredients (id, name, provider, quantity_sold, unit, price, unit_price) VALUES ('ee6d55df-ba70-4f52-b6f5-a35a006123ee', 'Kumis', 'Ara', 1000.0, 'ml', 6750.0, 6.75);
INSERT INTO ingredients (id, name, provider, quantity_sold, unit, price, unit_price) VALUES ('38eb8727-48a2-48b3-966b-140a3333a854', 'Limón', 'D1', 250.0, 'ml', 2300.0, 9.2);
INSERT INTO ingredients (id, name, provider, quantity_sold, unit, price, unit_price) VALUES ('4c32fa5c-ca36-445d-8fe6-9e4bc0f6adb2', 'Mantequilla', 'Dispropan', 500.0, 'gr', 6200.0, 12.4);
INSERT INTO ingredients (id, name, provider, quantity_sold, unit, price, unit_price) VALUES ('70225acf-2e90-44e3-bed2-0c66b9975703', 'Arándanos', 'Dispropan', 500.0, 'gr', 17000.0, 34.0);
INSERT INTO ingredients (id, name, provider, quantity_sold, unit, price, unit_price) VALUES ('5eb5233c-46f8-4e2c-90ef-0cf8a1291b2e', 'Panela orgánica', 'Olímpica', 500.0, 'gr', 8000.0, 16.0);
INSERT INTO ingredients (id, name, provider, quantity_sold, unit, price, unit_price) VALUES ('3c411b45-c5a1-4d33-8d55-a4585fdda2cb', 'Harina integral', '9cito', 1000.0, 'gr', 3500.0, 3.5);
INSERT INTO ingredients (id, name, provider, quantity_sold, unit, price, unit_price) VALUES ('c8da424f-62e5-41e4-8d58-2c5d4d260db3', 'Harina repostera', '9cito', 500.0, 'gr', 2300.0, 4.6);
INSERT INTO ingredients (id, name, provider, quantity_sold, unit, price, unit_price) VALUES ('62df8e46-6932-42e4-a466-ec0d2c9ff61c', 'Sprinkles', NULL, 125.0, 'gr', 10000.0, 80.0);
INSERT INTO ingredients (id, name, provider, quantity_sold, unit, price, unit_price) VALUES ('be2f01a5-b8c9-4e1f-b72b-ec2ee6755799', 'Maicena', '9cito', 500.0, 'gr', 2900.0, 5.8);
INSERT INTO ingredients (id, name, provider, quantity_sold, unit, price, unit_price) VALUES ('dc6763b6-00c7-4577-b126-c762ed0065b3', 'Azúcar glass', '9cito', 500.0, 'gr', 3900.0, 7.8);
INSERT INTO ingredients (id, name, provider, quantity_sold, unit, price, unit_price) VALUES ('976b4fa6-db3c-4329-9161-7d25d432327a', 'Chocolate blanco', '9cito', 125.0, 'gr', 6200.0, 49.6);
INSERT INTO ingredients (id, name, provider, quantity_sold, unit, price, unit_price) VALUES ('7da345d2-559b-48ef-aedb-956155a09945', 'Colorante', '9cito', 12.0, 'ml', 5000.0, 416.666667);
INSERT INTO ingredients (id, name, provider, quantity_sold, unit, price, unit_price) VALUES ('bb4d8fa0-20ba-4611-8a06-8c841bf5fc20', 'Azúcar blanca', '9cito', 500.0, 'gr', 2000.0, 4.0);
INSERT INTO ingredients (id, name, provider, quantity_sold, unit, price, unit_price) VALUES ('6b3de14a-dbd4-47f8-8df9-92313822e198', 'Vinagre', 'Ara', 1000.0, 'ml', 6500.0, 6.5);
INSERT INTO ingredients (id, name, provider, quantity_sold, unit, price, unit_price) VALUES ('c4d80120-85f3-4473-830b-61749bc9cd31', 'Arequipe', '9cito', 420.0, 'gr', 7500.0, 17.857143);
INSERT INTO ingredients (id, name, provider, quantity_sold, unit, price, unit_price) VALUES ('44493b23-70c4-4f30-a47f-5fc4d3155565', 'Sprinkles Dorados', '9cito', 125.0, 'gr', 10000.0, 80.0);

-- 3. INVENTARIO (stock inicial en 0)
INSERT INTO inventory (ingredient_id, current_stock, unit) VALUES ('f61fb182-8c7f-4a26-a806-462cd77c5883', 0, 'gr');
INSERT INTO inventory (ingredient_id, current_stock, unit) VALUES ('a01d2f25-d2d1-4345-8395-4b6805afea2c', 0, 'unidad');
INSERT INTO inventory (ingredient_id, current_stock, unit) VALUES ('3fc6a225-2ac2-457d-a11c-d3c41992841d', 0, 'gr');
INSERT INTO inventory (ingredient_id, current_stock, unit) VALUES ('254f672d-ebb0-43c9-92ec-0c18735c4b08', 0, 'ml');
INSERT INTO inventory (ingredient_id, current_stock, unit) VALUES ('2830136b-d98f-4fd7-8b23-42e94af42f59', 0, 'gr');
INSERT INTO inventory (ingredient_id, current_stock, unit) VALUES ('716a2fe7-fd00-42db-b15b-baa7b19e164f', 0, 'gr');
INSERT INTO inventory (ingredient_id, current_stock, unit) VALUES ('1f47b699-3090-46a7-b6be-b55e22964ead', 0, 'ml');
INSERT INTO inventory (ingredient_id, current_stock, unit) VALUES ('a830bb17-66e2-4f7e-99e3-17e501887d61', 0, 'gr');
INSERT INTO inventory (ingredient_id, current_stock, unit) VALUES ('b73814f6-5970-4952-ad1a-86e4512e4bcd', 0, 'gr');
INSERT INTO inventory (ingredient_id, current_stock, unit) VALUES ('78076f28-9835-49d8-9dfe-b877cb7700b5', 0, 'ml');
INSERT INTO inventory (ingredient_id, current_stock, unit) VALUES ('943d31d8-8618-419c-bf0f-6ef8193216d6', 0, 'gr');
INSERT INTO inventory (ingredient_id, current_stock, unit) VALUES ('ee6d55df-ba70-4f52-b6f5-a35a006123ee', 0, 'ml');
INSERT INTO inventory (ingredient_id, current_stock, unit) VALUES ('38eb8727-48a2-48b3-966b-140a3333a854', 0, 'ml');
INSERT INTO inventory (ingredient_id, current_stock, unit) VALUES ('4c32fa5c-ca36-445d-8fe6-9e4bc0f6adb2', 0, 'gr');
INSERT INTO inventory (ingredient_id, current_stock, unit) VALUES ('70225acf-2e90-44e3-bed2-0c66b9975703', 0, 'gr');
INSERT INTO inventory (ingredient_id, current_stock, unit) VALUES ('5eb5233c-46f8-4e2c-90ef-0cf8a1291b2e', 0, 'gr');
INSERT INTO inventory (ingredient_id, current_stock, unit) VALUES ('3c411b45-c5a1-4d33-8d55-a4585fdda2cb', 0, 'gr');
INSERT INTO inventory (ingredient_id, current_stock, unit) VALUES ('c8da424f-62e5-41e4-8d58-2c5d4d260db3', 0, 'gr');
INSERT INTO inventory (ingredient_id, current_stock, unit) VALUES ('62df8e46-6932-42e4-a466-ec0d2c9ff61c', 0, 'gr');
INSERT INTO inventory (ingredient_id, current_stock, unit) VALUES ('be2f01a5-b8c9-4e1f-b72b-ec2ee6755799', 0, 'gr');
INSERT INTO inventory (ingredient_id, current_stock, unit) VALUES ('dc6763b6-00c7-4577-b126-c762ed0065b3', 0, 'gr');
INSERT INTO inventory (ingredient_id, current_stock, unit) VALUES ('976b4fa6-db3c-4329-9161-7d25d432327a', 0, 'gr');
INSERT INTO inventory (ingredient_id, current_stock, unit) VALUES ('7da345d2-559b-48ef-aedb-956155a09945', 0, 'ml');
INSERT INTO inventory (ingredient_id, current_stock, unit) VALUES ('bb4d8fa0-20ba-4611-8a06-8c841bf5fc20', 0, 'gr');
INSERT INTO inventory (ingredient_id, current_stock, unit) VALUES ('6b3de14a-dbd4-47f8-8df9-92313822e198', 0, 'ml');
INSERT INTO inventory (ingredient_id, current_stock, unit) VALUES ('c4d80120-85f3-4473-830b-61749bc9cd31', 0, 'gr');
INSERT INTO inventory (ingredient_id, current_stock, unit) VALUES ('44493b23-70c4-4f30-a47f-5fc4d3155565', 0, 'gr');

-- 4. RECETAS
INSERT INTO recipes (id, name, description, units_per_batch, has_partner, partner_id) VALUES ('45e007ae-fe83-42a2-b9eb-bfd5059a797d', 'TORTA DE COCO PREMIUM 1 BANDEJA - 20 UNIDADES', 'Vitali - receta con socio Jhon', 20, true, '18f2014a-92ab-4ddd-9a36-5ba83c7d1ea1');
INSERT INTO recipes (id, name, description, units_per_batch, has_partner, partner_id) VALUES ('24e862e9-da40-4237-85a3-209b71c01911', 'TORTA DE ARÁNDANOS CON LIMÓN PREMIUM 1 BANDEJA - 20 UNIDADES', 'Vitali - receta con socio Jhon', 20, true, '18f2014a-92ab-4ddd-9a36-5ba83c7d1ea1');
INSERT INTO recipes (id, name, description, units_per_batch, has_partner, partner_id) VALUES ('751ba3df-91b8-4b78-a944-105625ab6687', 'TORTA DE ARÁNDANOS CON LIMÓN PLUS 1 BANDEJA - 20 UNIDADES', 'Vitali - receta con socio Jhon', 20, true, '18f2014a-92ab-4ddd-9a36-5ba83c7d1ea1');
INSERT INTO recipes (id, name, description, units_per_batch, has_partner, partner_id) VALUES ('06983ccb-12c9-48e5-8a68-9867c891b3a5', 'TORTA DE COCO PLUS 1 BANDEJA - 20 UNIDADES', 'Vitali - receta con socio Jhon', 20, true, '18f2014a-92ab-4ddd-9a36-5ba83c7d1ea1');
INSERT INTO recipes (id, name, description, units_per_batch, has_partner, partner_id) VALUES ('d07ae577-bda8-4f69-be59-b32ef231aa43', 'TORTA DE VAINILLA 2 PISOS', 'Ally Bakery - Torta de Vainilla', 1, false, NULL);
INSERT INTO recipes (id, name, description, units_per_batch, has_partner, partner_id) VALUES ('040eebfb-67f4-4ab0-8283-9a1a22d9eb35', 'TORTA DE VAINILLA 3 PISOS (la de 2 pisos + media)', 'Ally Bakery - Torta de Vainilla', 1, false, NULL);
INSERT INTO recipes (id, name, description, units_per_batch, has_partner, partner_id) VALUES ('30d6416c-978a-4df1-9b9d-7b36222c2f28', 'TORTA DE VAINILLA pequeña', 'Ally Bakery - Torta de Vainilla', 1, false, NULL);

-- 5. INGREDIENTES POR RECETA
INSERT INTO recipe_ingredients (recipe_id, ingredient_id, quantity_used) VALUES ('45e007ae-fe83-42a2-b9eb-bfd5059a797d', 'f61fb182-8c7f-4a26-a806-462cd77c5883', 280.0);
INSERT INTO recipe_ingredients (recipe_id, ingredient_id, quantity_used) VALUES ('45e007ae-fe83-42a2-b9eb-bfd5059a797d', 'a01d2f25-d2d1-4345-8395-4b6805afea2c', 10.0);
INSERT INTO recipe_ingredients (recipe_id, ingredient_id, quantity_used) VALUES ('45e007ae-fe83-42a2-b9eb-bfd5059a797d', '3fc6a225-2ac2-457d-a11c-d3c41992841d', 500.0);
INSERT INTO recipe_ingredients (recipe_id, ingredient_id, quantity_used) VALUES ('45e007ae-fe83-42a2-b9eb-bfd5059a797d', '254f672d-ebb0-43c9-92ec-0c18735c4b08', 600.0);
INSERT INTO recipe_ingredients (recipe_id, ingredient_id, quantity_used) VALUES ('45e007ae-fe83-42a2-b9eb-bfd5059a797d', '2830136b-d98f-4fd7-8b23-42e94af42f59', 140.0);
INSERT INTO recipe_ingredients (recipe_id, ingredient_id, quantity_used) VALUES ('45e007ae-fe83-42a2-b9eb-bfd5059a797d', '716a2fe7-fd00-42db-b15b-baa7b19e164f', 100.0);
INSERT INTO recipe_ingredients (recipe_id, ingredient_id, quantity_used) VALUES ('45e007ae-fe83-42a2-b9eb-bfd5059a797d', '1f47b699-3090-46a7-b6be-b55e22964ead', 52.5);
INSERT INTO recipe_ingredients (recipe_id, ingredient_id, quantity_used) VALUES ('45e007ae-fe83-42a2-b9eb-bfd5059a797d', 'a830bb17-66e2-4f7e-99e3-17e501887d61', 27.0);
INSERT INTO recipe_ingredients (recipe_id, ingredient_id, quantity_used) VALUES ('45e007ae-fe83-42a2-b9eb-bfd5059a797d', 'b73814f6-5970-4952-ad1a-86e4512e4bcd', 8.0);
INSERT INTO recipe_ingredients (recipe_id, ingredient_id, quantity_used) VALUES ('45e007ae-fe83-42a2-b9eb-bfd5059a797d', '78076f28-9835-49d8-9dfe-b877cb7700b5', 27.0);
INSERT INTO recipe_ingredients (recipe_id, ingredient_id, quantity_used) VALUES ('45e007ae-fe83-42a2-b9eb-bfd5059a797d', '943d31d8-8618-419c-bf0f-6ef8193216d6', 1.0);
INSERT INTO recipe_ingredients (recipe_id, ingredient_id, quantity_used) VALUES ('24e862e9-da40-4237-85a3-209b71c01911', 'a01d2f25-d2d1-4345-8395-4b6805afea2c', 8.0);
INSERT INTO recipe_ingredients (recipe_id, ingredient_id, quantity_used) VALUES ('24e862e9-da40-4237-85a3-209b71c01911', 'ee6d55df-ba70-4f52-b6f5-a35a006123ee', 280.0);
INSERT INTO recipe_ingredients (recipe_id, ingredient_id, quantity_used) VALUES ('24e862e9-da40-4237-85a3-209b71c01911', '38eb8727-48a2-48b3-966b-140a3333a854', 120.0);
INSERT INTO recipe_ingredients (recipe_id, ingredient_id, quantity_used) VALUES ('24e862e9-da40-4237-85a3-209b71c01911', 'f61fb182-8c7f-4a26-a806-462cd77c5883', 157.0);
INSERT INTO recipe_ingredients (recipe_id, ingredient_id, quantity_used) VALUES ('24e862e9-da40-4237-85a3-209b71c01911', '2830136b-d98f-4fd7-8b23-42e94af42f59', 240.0);
INSERT INTO recipe_ingredients (recipe_id, ingredient_id, quantity_used) VALUES ('24e862e9-da40-4237-85a3-209b71c01911', '716a2fe7-fd00-42db-b15b-baa7b19e164f', 240.0);
INSERT INTO recipe_ingredients (recipe_id, ingredient_id, quantity_used) VALUES ('24e862e9-da40-4237-85a3-209b71c01911', 'a830bb17-66e2-4f7e-99e3-17e501887d61', 30.0);
INSERT INTO recipe_ingredients (recipe_id, ingredient_id, quantity_used) VALUES ('24e862e9-da40-4237-85a3-209b71c01911', 'b73814f6-5970-4952-ad1a-86e4512e4bcd', 15.0);
INSERT INTO recipe_ingredients (recipe_id, ingredient_id, quantity_used) VALUES ('24e862e9-da40-4237-85a3-209b71c01911', '4c32fa5c-ca36-445d-8fe6-9e4bc0f6adb2', 120.0);
INSERT INTO recipe_ingredients (recipe_id, ingredient_id, quantity_used) VALUES ('24e862e9-da40-4237-85a3-209b71c01911', '70225acf-2e90-44e3-bed2-0c66b9975703', 240.0);
INSERT INTO recipe_ingredients (recipe_id, ingredient_id, quantity_used) VALUES ('24e862e9-da40-4237-85a3-209b71c01911', '943d31d8-8618-419c-bf0f-6ef8193216d6', 1.0);
INSERT INTO recipe_ingredients (recipe_id, ingredient_id, quantity_used) VALUES ('751ba3df-91b8-4b78-a944-105625ab6687', 'a01d2f25-d2d1-4345-8395-4b6805afea2c', 8.0);
INSERT INTO recipe_ingredients (recipe_id, ingredient_id, quantity_used) VALUES ('751ba3df-91b8-4b78-a944-105625ab6687', 'ee6d55df-ba70-4f52-b6f5-a35a006123ee', 280.0);
INSERT INTO recipe_ingredients (recipe_id, ingredient_id, quantity_used) VALUES ('751ba3df-91b8-4b78-a944-105625ab6687', '38eb8727-48a2-48b3-966b-140a3333a854', 120.0);
INSERT INTO recipe_ingredients (recipe_id, ingredient_id, quantity_used) VALUES ('751ba3df-91b8-4b78-a944-105625ab6687', '5eb5233c-46f8-4e2c-90ef-0cf8a1291b2e', 360.0);
INSERT INTO recipe_ingredients (recipe_id, ingredient_id, quantity_used) VALUES ('751ba3df-91b8-4b78-a944-105625ab6687', '3c411b45-c5a1-4d33-8d55-a4585fdda2cb', 300.0);
INSERT INTO recipe_ingredients (recipe_id, ingredient_id, quantity_used) VALUES ('751ba3df-91b8-4b78-a944-105625ab6687', '716a2fe7-fd00-42db-b15b-baa7b19e164f', 60.0);
INSERT INTO recipe_ingredients (recipe_id, ingredient_id, quantity_used) VALUES ('751ba3df-91b8-4b78-a944-105625ab6687', '4c32fa5c-ca36-445d-8fe6-9e4bc0f6adb2', 120.0);
INSERT INTO recipe_ingredients (recipe_id, ingredient_id, quantity_used) VALUES ('751ba3df-91b8-4b78-a944-105625ab6687', '70225acf-2e90-44e3-bed2-0c66b9975703', 240.0);
INSERT INTO recipe_ingredients (recipe_id, ingredient_id, quantity_used) VALUES ('751ba3df-91b8-4b78-a944-105625ab6687', 'a830bb17-66e2-4f7e-99e3-17e501887d61', 15.0);
INSERT INTO recipe_ingredients (recipe_id, ingredient_id, quantity_used) VALUES ('751ba3df-91b8-4b78-a944-105625ab6687', 'b73814f6-5970-4952-ad1a-86e4512e4bcd', 15.0);
INSERT INTO recipe_ingredients (recipe_id, ingredient_id, quantity_used) VALUES ('751ba3df-91b8-4b78-a944-105625ab6687', '943d31d8-8618-419c-bf0f-6ef8193216d6', 1.0);
INSERT INTO recipe_ingredients (recipe_id, ingredient_id, quantity_used) VALUES ('06983ccb-12c9-48e5-8a68-9867c891b3a5', 'a01d2f25-d2d1-4345-8395-4b6805afea2c', 9.0);
INSERT INTO recipe_ingredients (recipe_id, ingredient_id, quantity_used) VALUES ('06983ccb-12c9-48e5-8a68-9867c891b3a5', '5eb5233c-46f8-4e2c-90ef-0cf8a1291b2e', 300.0);
INSERT INTO recipe_ingredients (recipe_id, ingredient_id, quantity_used) VALUES ('06983ccb-12c9-48e5-8a68-9867c891b3a5', '3fc6a225-2ac2-457d-a11c-d3c41992841d', 250.0);
INSERT INTO recipe_ingredients (recipe_id, ingredient_id, quantity_used) VALUES ('06983ccb-12c9-48e5-8a68-9867c891b3a5', '3c411b45-c5a1-4d33-8d55-a4585fdda2cb', 200.0);
INSERT INTO recipe_ingredients (recipe_id, ingredient_id, quantity_used) VALUES ('06983ccb-12c9-48e5-8a68-9867c891b3a5', '716a2fe7-fd00-42db-b15b-baa7b19e164f', 40.0);
INSERT INTO recipe_ingredients (recipe_id, ingredient_id, quantity_used) VALUES ('06983ccb-12c9-48e5-8a68-9867c891b3a5', 'a830bb17-66e2-4f7e-99e3-17e501887d61', 23.0);
INSERT INTO recipe_ingredients (recipe_id, ingredient_id, quantity_used) VALUES ('06983ccb-12c9-48e5-8a68-9867c891b3a5', 'b73814f6-5970-4952-ad1a-86e4512e4bcd', 13.0);
INSERT INTO recipe_ingredients (recipe_id, ingredient_id, quantity_used) VALUES ('06983ccb-12c9-48e5-8a68-9867c891b3a5', '78076f28-9835-49d8-9dfe-b877cb7700b5', 23.0);
INSERT INTO recipe_ingredients (recipe_id, ingredient_id, quantity_used) VALUES ('06983ccb-12c9-48e5-8a68-9867c891b3a5', '1f47b699-3090-46a7-b6be-b55e22964ead', 45.0);
INSERT INTO recipe_ingredients (recipe_id, ingredient_id, quantity_used) VALUES ('06983ccb-12c9-48e5-8a68-9867c891b3a5', '254f672d-ebb0-43c9-92ec-0c18735c4b08', 600.0);
INSERT INTO recipe_ingredients (recipe_id, ingredient_id, quantity_used) VALUES ('06983ccb-12c9-48e5-8a68-9867c891b3a5', '943d31d8-8618-419c-bf0f-6ef8193216d6', 1.0);
INSERT INTO recipe_ingredients (recipe_id, ingredient_id, quantity_used) VALUES ('d07ae577-bda8-4f69-be59-b32ef231aa43', 'c8da424f-62e5-41e4-8d58-2c5d4d260db3', 300.0);
INSERT INTO recipe_ingredients (recipe_id, ingredient_id, quantity_used) VALUES ('d07ae577-bda8-4f69-be59-b32ef231aa43', '4c32fa5c-ca36-445d-8fe6-9e4bc0f6adb2', 250.0);
INSERT INTO recipe_ingredients (recipe_id, ingredient_id, quantity_used) VALUES ('d07ae577-bda8-4f69-be59-b32ef231aa43', '62df8e46-6932-42e4-a466-ec0d2c9ff61c', 10.0);
INSERT INTO recipe_ingredients (recipe_id, ingredient_id, quantity_used) VALUES ('d07ae577-bda8-4f69-be59-b32ef231aa43', 'be2f01a5-b8c9-4e1f-b72b-ec2ee6755799', 25.0);
INSERT INTO recipe_ingredients (recipe_id, ingredient_id, quantity_used) VALUES ('d07ae577-bda8-4f69-be59-b32ef231aa43', 'dc6763b6-00c7-4577-b126-c762ed0065b3', 70.0);
INSERT INTO recipe_ingredients (recipe_id, ingredient_id, quantity_used) VALUES ('d07ae577-bda8-4f69-be59-b32ef231aa43', 'b73814f6-5970-4952-ad1a-86e4512e4bcd', 7.5);
INSERT INTO recipe_ingredients (recipe_id, ingredient_id, quantity_used) VALUES ('d07ae577-bda8-4f69-be59-b32ef231aa43', '976b4fa6-db3c-4329-9161-7d25d432327a', 130.0);
INSERT INTO recipe_ingredients (recipe_id, ingredient_id, quantity_used) VALUES ('d07ae577-bda8-4f69-be59-b32ef231aa43', 'a830bb17-66e2-4f7e-99e3-17e501887d61', 15.0);
INSERT INTO recipe_ingredients (recipe_id, ingredient_id, quantity_used) VALUES ('d07ae577-bda8-4f69-be59-b32ef231aa43', '7da345d2-559b-48ef-aedb-956155a09945', 0.05);
INSERT INTO recipe_ingredients (recipe_id, ingredient_id, quantity_used) VALUES ('d07ae577-bda8-4f69-be59-b32ef231aa43', '4c32fa5c-ca36-445d-8fe6-9e4bc0f6adb2', 113.0);
INSERT INTO recipe_ingredients (recipe_id, ingredient_id, quantity_used) VALUES ('d07ae577-bda8-4f69-be59-b32ef231aa43', '1f47b699-3090-46a7-b6be-b55e22964ead', 105.0);
INSERT INTO recipe_ingredients (recipe_id, ingredient_id, quantity_used) VALUES ('d07ae577-bda8-4f69-be59-b32ef231aa43', 'bb4d8fa0-20ba-4611-8a06-8c841bf5fc20', 332.0);
INSERT INTO recipe_ingredients (recipe_id, ingredient_id, quantity_used) VALUES ('d07ae577-bda8-4f69-be59-b32ef231aa43', 'a01d2f25-d2d1-4345-8395-4b6805afea2c', 3.0);
INSERT INTO recipe_ingredients (recipe_id, ingredient_id, quantity_used) VALUES ('d07ae577-bda8-4f69-be59-b32ef231aa43', '78076f28-9835-49d8-9dfe-b877cb7700b5', 8.0);
INSERT INTO recipe_ingredients (recipe_id, ingredient_id, quantity_used) VALUES ('d07ae577-bda8-4f69-be59-b32ef231aa43', '6b3de14a-dbd4-47f8-8df9-92313822e198', 7.5);
INSERT INTO recipe_ingredients (recipe_id, ingredient_id, quantity_used) VALUES ('d07ae577-bda8-4f69-be59-b32ef231aa43', 'ee6d55df-ba70-4f52-b6f5-a35a006123ee', 337.0);
INSERT INTO recipe_ingredients (recipe_id, ingredient_id, quantity_used) VALUES ('d07ae577-bda8-4f69-be59-b32ef231aa43', 'c4d80120-85f3-4473-830b-61749bc9cd31', 210.0);
INSERT INTO recipe_ingredients (recipe_id, ingredient_id, quantity_used) VALUES ('040eebfb-67f4-4ab0-8283-9a1a22d9eb35', 'c8da424f-62e5-41e4-8d58-2c5d4d260db3', 450.0);
INSERT INTO recipe_ingredients (recipe_id, ingredient_id, quantity_used) VALUES ('040eebfb-67f4-4ab0-8283-9a1a22d9eb35', '4c32fa5c-ca36-445d-8fe6-9e4bc0f6adb2', 250.0);
INSERT INTO recipe_ingredients (recipe_id, ingredient_id, quantity_used) VALUES ('040eebfb-67f4-4ab0-8283-9a1a22d9eb35', 'be2f01a5-b8c9-4e1f-b72b-ec2ee6755799', 37.5);
INSERT INTO recipe_ingredients (recipe_id, ingredient_id, quantity_used) VALUES ('040eebfb-67f4-4ab0-8283-9a1a22d9eb35', 'dc6763b6-00c7-4577-b126-c762ed0065b3', 70.0);
INSERT INTO recipe_ingredients (recipe_id, ingredient_id, quantity_used) VALUES ('040eebfb-67f4-4ab0-8283-9a1a22d9eb35', '44493b23-70c4-4f30-a47f-5fc4d3155565', 10.0);
INSERT INTO recipe_ingredients (recipe_id, ingredient_id, quantity_used) VALUES ('040eebfb-67f4-4ab0-8283-9a1a22d9eb35', 'b73814f6-5970-4952-ad1a-86e4512e4bcd', 11.25);
INSERT INTO recipe_ingredients (recipe_id, ingredient_id, quantity_used) VALUES ('040eebfb-67f4-4ab0-8283-9a1a22d9eb35', '976b4fa6-db3c-4329-9161-7d25d432327a', 130.0);
INSERT INTO recipe_ingredients (recipe_id, ingredient_id, quantity_used) VALUES ('040eebfb-67f4-4ab0-8283-9a1a22d9eb35', 'a830bb17-66e2-4f7e-99e3-17e501887d61', 22.5);
INSERT INTO recipe_ingredients (recipe_id, ingredient_id, quantity_used) VALUES ('040eebfb-67f4-4ab0-8283-9a1a22d9eb35', '7da345d2-559b-48ef-aedb-956155a09945', 0.05);
INSERT INTO recipe_ingredients (recipe_id, ingredient_id, quantity_used) VALUES ('040eebfb-67f4-4ab0-8283-9a1a22d9eb35', '4c32fa5c-ca36-445d-8fe6-9e4bc0f6adb2', 169.5);
INSERT INTO recipe_ingredients (recipe_id, ingredient_id, quantity_used) VALUES ('040eebfb-67f4-4ab0-8283-9a1a22d9eb35', '1f47b699-3090-46a7-b6be-b55e22964ead', 157.5);
INSERT INTO recipe_ingredients (recipe_id, ingredient_id, quantity_used) VALUES ('040eebfb-67f4-4ab0-8283-9a1a22d9eb35', 'bb4d8fa0-20ba-4611-8a06-8c841bf5fc20', 498.0);
INSERT INTO recipe_ingredients (recipe_id, ingredient_id, quantity_used) VALUES ('040eebfb-67f4-4ab0-8283-9a1a22d9eb35', 'a01d2f25-d2d1-4345-8395-4b6805afea2c', 4.5);
INSERT INTO recipe_ingredients (recipe_id, ingredient_id, quantity_used) VALUES ('040eebfb-67f4-4ab0-8283-9a1a22d9eb35', '78076f28-9835-49d8-9dfe-b877cb7700b5', 12.0);
INSERT INTO recipe_ingredients (recipe_id, ingredient_id, quantity_used) VALUES ('040eebfb-67f4-4ab0-8283-9a1a22d9eb35', '6b3de14a-dbd4-47f8-8df9-92313822e198', 11.25);
INSERT INTO recipe_ingredients (recipe_id, ingredient_id, quantity_used) VALUES ('040eebfb-67f4-4ab0-8283-9a1a22d9eb35', 'ee6d55df-ba70-4f52-b6f5-a35a006123ee', 505.5);
INSERT INTO recipe_ingredients (recipe_id, ingredient_id, quantity_used) VALUES ('040eebfb-67f4-4ab0-8283-9a1a22d9eb35', 'c4d80120-85f3-4473-830b-61749bc9cd31', 420.0);
INSERT INTO recipe_ingredients (recipe_id, ingredient_id, quantity_used) VALUES ('30d6416c-978a-4df1-9b9d-7b36222c2f28', 'c8da424f-62e5-41e4-8d58-2c5d4d260db3', 150.0);
INSERT INTO recipe_ingredients (recipe_id, ingredient_id, quantity_used) VALUES ('30d6416c-978a-4df1-9b9d-7b36222c2f28', '4c32fa5c-ca36-445d-8fe6-9e4bc0f6adb2', 250.0);
INSERT INTO recipe_ingredients (recipe_id, ingredient_id, quantity_used) VALUES ('30d6416c-978a-4df1-9b9d-7b36222c2f28', 'be2f01a5-b8c9-4e1f-b72b-ec2ee6755799', 12.5);
INSERT INTO recipe_ingredients (recipe_id, ingredient_id, quantity_used) VALUES ('30d6416c-978a-4df1-9b9d-7b36222c2f28', 'dc6763b6-00c7-4577-b126-c762ed0065b3', 70.0);
INSERT INTO recipe_ingredients (recipe_id, ingredient_id, quantity_used) VALUES ('30d6416c-978a-4df1-9b9d-7b36222c2f28', 'b73814f6-5970-4952-ad1a-86e4512e4bcd', 3.75);
INSERT INTO recipe_ingredients (recipe_id, ingredient_id, quantity_used) VALUES ('30d6416c-978a-4df1-9b9d-7b36222c2f28', '976b4fa6-db3c-4329-9161-7d25d432327a', 130.0);
INSERT INTO recipe_ingredients (recipe_id, ingredient_id, quantity_used) VALUES ('30d6416c-978a-4df1-9b9d-7b36222c2f28', 'a830bb17-66e2-4f7e-99e3-17e501887d61', 7.5);
INSERT INTO recipe_ingredients (recipe_id, ingredient_id, quantity_used) VALUES ('30d6416c-978a-4df1-9b9d-7b36222c2f28', '7da345d2-559b-48ef-aedb-956155a09945', 0.05);
INSERT INTO recipe_ingredients (recipe_id, ingredient_id, quantity_used) VALUES ('30d6416c-978a-4df1-9b9d-7b36222c2f28', '4c32fa5c-ca36-445d-8fe6-9e4bc0f6adb2', 56.5);
INSERT INTO recipe_ingredients (recipe_id, ingredient_id, quantity_used) VALUES ('30d6416c-978a-4df1-9b9d-7b36222c2f28', '1f47b699-3090-46a7-b6be-b55e22964ead', 52.5);
INSERT INTO recipe_ingredients (recipe_id, ingredient_id, quantity_used) VALUES ('30d6416c-978a-4df1-9b9d-7b36222c2f28', 'bb4d8fa0-20ba-4611-8a06-8c841bf5fc20', 166.0);
INSERT INTO recipe_ingredients (recipe_id, ingredient_id, quantity_used) VALUES ('30d6416c-978a-4df1-9b9d-7b36222c2f28', 'a01d2f25-d2d1-4345-8395-4b6805afea2c', 1.5);
INSERT INTO recipe_ingredients (recipe_id, ingredient_id, quantity_used) VALUES ('30d6416c-978a-4df1-9b9d-7b36222c2f28', '78076f28-9835-49d8-9dfe-b877cb7700b5', 4.0);
INSERT INTO recipe_ingredients (recipe_id, ingredient_id, quantity_used) VALUES ('30d6416c-978a-4df1-9b9d-7b36222c2f28', '6b3de14a-dbd4-47f8-8df9-92313822e198', 3.75);
INSERT INTO recipe_ingredients (recipe_id, ingredient_id, quantity_used) VALUES ('30d6416c-978a-4df1-9b9d-7b36222c2f28', 'ee6d55df-ba70-4f52-b6f5-a35a006123ee', 168.5);
INSERT INTO recipe_ingredients (recipe_id, ingredient_id, quantity_used) VALUES ('30d6416c-978a-4df1-9b9d-7b36222c2f28', 'c4d80120-85f3-4473-830b-61749bc9cd31', 105.0);

-- 6. COSTOS EXTRA POR RECETA
INSERT INTO recipe_extra_costs (recipe_id, name, type, quantity, unit_price, total) VALUES ('45e007ae-fe83-42a2-b9eb-bfd5059a797d', 'Capacillo', 'packaging', 20.0, 25.0, 500.0);
INSERT INTO recipe_extra_costs (recipe_id, name, type, quantity, unit_price, total) VALUES ('45e007ae-fe83-42a2-b9eb-bfd5059a797d', 'Bolsa plástica', 'packaging', 20.0, 75.0, 1500.0);
INSERT INTO recipe_extra_costs (recipe_id, name, type, quantity, unit_price, total) VALUES ('45e007ae-fe83-42a2-b9eb-bfd5059a797d', 'Papel opalina', 'packaging', 7.0, 440.0, 3080.0);
INSERT INTO recipe_extra_costs (recipe_id, name, type, quantity, unit_price, total) VALUES ('45e007ae-fe83-42a2-b9eb-bfd5059a797d', 'Servicios', 'service', 20.0, 100.0, 2000.0);
INSERT INTO recipe_extra_costs (recipe_id, name, type, quantity, unit_price, total) VALUES ('45e007ae-fe83-42a2-b9eb-bfd5059a797d', 'Mano de obra', 'labor', 20.0, 150.0, 3000.0);
INSERT INTO recipe_extra_costs (recipe_id, name, type, quantity, unit_price, total) VALUES ('24e862e9-da40-4237-85a3-209b71c01911', 'Capacillo', 'packaging', 20.0, 25.0, 500.0);
INSERT INTO recipe_extra_costs (recipe_id, name, type, quantity, unit_price, total) VALUES ('24e862e9-da40-4237-85a3-209b71c01911', 'Bolsa plástica', 'packaging', 20.0, 75.0, 1500.0);
INSERT INTO recipe_extra_costs (recipe_id, name, type, quantity, unit_price, total) VALUES ('24e862e9-da40-4237-85a3-209b71c01911', 'Papel opalina', 'packaging', 7.0, 440.0, 3080.0);
INSERT INTO recipe_extra_costs (recipe_id, name, type, quantity, unit_price, total) VALUES ('24e862e9-da40-4237-85a3-209b71c01911', 'Servicios', 'service', 20.0, 100.0, 2000.0);
INSERT INTO recipe_extra_costs (recipe_id, name, type, quantity, unit_price, total) VALUES ('24e862e9-da40-4237-85a3-209b71c01911', 'Mano de obra', 'labor', 20.0, 150.0, 3000.0);
INSERT INTO recipe_extra_costs (recipe_id, name, type, quantity, unit_price, total) VALUES ('751ba3df-91b8-4b78-a944-105625ab6687', 'Capacillo', 'packaging', 20.0, 25.0, 500.0);
INSERT INTO recipe_extra_costs (recipe_id, name, type, quantity, unit_price, total) VALUES ('751ba3df-91b8-4b78-a944-105625ab6687', 'Bolsa plástica', 'packaging', 20.0, 75.0, 1500.0);
INSERT INTO recipe_extra_costs (recipe_id, name, type, quantity, unit_price, total) VALUES ('751ba3df-91b8-4b78-a944-105625ab6687', 'Papel opalina', 'packaging', 7.0, 440.0, 3080.0);
INSERT INTO recipe_extra_costs (recipe_id, name, type, quantity, unit_price, total) VALUES ('751ba3df-91b8-4b78-a944-105625ab6687', 'Servicios', 'service', 20.0, 100.0, 2000.0);
INSERT INTO recipe_extra_costs (recipe_id, name, type, quantity, unit_price, total) VALUES ('751ba3df-91b8-4b78-a944-105625ab6687', 'Mano de obra', 'labor', 20.0, 150.0, 3000.0);
INSERT INTO recipe_extra_costs (recipe_id, name, type, quantity, unit_price, total) VALUES ('06983ccb-12c9-48e5-8a68-9867c891b3a5', 'Capacillo', 'packaging', 20.0, 25.0, 500.0);
INSERT INTO recipe_extra_costs (recipe_id, name, type, quantity, unit_price, total) VALUES ('06983ccb-12c9-48e5-8a68-9867c891b3a5', 'Bolsa plástica', 'packaging', 20.0, 75.0, 1500.0);
INSERT INTO recipe_extra_costs (recipe_id, name, type, quantity, unit_price, total) VALUES ('06983ccb-12c9-48e5-8a68-9867c891b3a5', 'Papel opalina', 'packaging', 7.0, 440.0, 3080.0);
INSERT INTO recipe_extra_costs (recipe_id, name, type, quantity, unit_price, total) VALUES ('06983ccb-12c9-48e5-8a68-9867c891b3a5', 'Servicios', 'service', 20.0, 100.0, 2000.0);
INSERT INTO recipe_extra_costs (recipe_id, name, type, quantity, unit_price, total) VALUES ('06983ccb-12c9-48e5-8a68-9867c891b3a5', 'Mano de obra', 'labor', 20.0, 150.0, 3000.0);
INSERT INTO recipe_extra_costs (recipe_id, name, type, quantity, unit_price, total) VALUES ('d07ae577-bda8-4f69-be59-b32ef231aa43', 'Caja', 'packaging', 1.0, 2500.0, 2500.0);
INSERT INTO recipe_extra_costs (recipe_id, name, type, quantity, unit_price, total) VALUES ('d07ae577-bda8-4f69-be59-b32ef231aa43', 'Blonda', 'packaging', 1.0, 350.0, 350.0);
INSERT INTO recipe_extra_costs (recipe_id, name, type, quantity, unit_price, total) VALUES ('040eebfb-67f4-4ab0-8283-9a1a22d9eb35', 'Topper', 'packaging', 1.0, 2000.0, 2000.0);
INSERT INTO recipe_extra_costs (recipe_id, name, type, quantity, unit_price, total) VALUES ('040eebfb-67f4-4ab0-8283-9a1a22d9eb35', 'Caja', 'packaging', 1.0, 2500.0, 2500.0);
INSERT INTO recipe_extra_costs (recipe_id, name, type, quantity, unit_price, total) VALUES ('040eebfb-67f4-4ab0-8283-9a1a22d9eb35', 'Blonda', 'packaging', 1.0, 350.0, 350.0);
INSERT INTO recipe_extra_costs (recipe_id, name, type, quantity, unit_price, total) VALUES ('30d6416c-978a-4df1-9b9d-7b36222c2f28', 'Caja', 'packaging', 1.0, 2500.0, 2500.0);
INSERT INTO recipe_extra_costs (recipe_id, name, type, quantity, unit_price, total) VALUES ('30d6416c-978a-4df1-9b9d-7b36222c2f28', 'Blonda', 'packaging', 1.0, 350.0, 350.0);

-- 7. PRECIOS
INSERT INTO recipe_pricing (recipe_id, profit_percentage, suggested_price, rounded_price) VALUES ('45e007ae-fe83-42a2-b9eb-bfd5059a797d', 50.0, 5537.76, 5500);
INSERT INTO recipe_pricing (recipe_id, profit_percentage, suggested_price, rounded_price) VALUES ('24e862e9-da40-4237-85a3-209b71c01911', 50.0, 4191.04, 4200);
INSERT INTO recipe_pricing (recipe_id, profit_percentage, suggested_price, rounded_price) VALUES ('751ba3df-91b8-4b78-a944-105625ab6687', 50.0, 2920.24, 2900);
INSERT INTO recipe_pricing (recipe_id, profit_percentage, suggested_price, rounded_price) VALUES ('06983ccb-12c9-48e5-8a68-9867c891b3a5', 50.0, 3382.99, 3400);
INSERT INTO recipe_pricing (recipe_id, profit_percentage, suggested_price, rounded_price) VALUES ('d07ae577-bda8-4f69-be59-b32ef231aa43', 50.0, 24530.05, 25000);
INSERT INTO recipe_pricing (recipe_id, profit_percentage, suggested_price, rounded_price) VALUES ('040eebfb-67f4-4ab0-8283-9a1a22d9eb35', 50.0, 37470.07, 37000);
INSERT INTO recipe_pricing (recipe_id, profit_percentage, suggested_price, rounded_price) VALUES ('30d6416c-978a-4df1-9b9d-7b36222c2f28', 50.0, 14402.53, 14000);